session	title	chairs	discussants	abstract
session_99.html	NA	Eleonora Mattiacci	David Weyrauch	abstract_0409.html
session_99.html	NA	Eleonora Mattiacci	David Weyrauch	abstract_0425.html
session_99.html	NA	Eleonora Mattiacci	David Weyrauch	abstract_0443.html
session_99.html	NA	Eleonora Mattiacci	David Weyrauch	abstract_0459.html
session_98.html	NA	Simon Hug	Lydia Tiede	abstract_0408.html
session_98.html	NA	Simon Hug	Lydia Tiede	abstract_0424.html
session_98.html	NA	Simon Hug	Lydia Tiede	abstract_0442.html
session_98.html	NA	Simon Hug	Lydia Tiede	abstract_0458.html
session_97.html	NA	Lucas Leemann	Markus Kollberg	abstract_0407.html
session_97.html	NA	Lucas Leemann	Markus Kollberg	abstract_0423.html
session_97.html	NA	Lucas Leemann	Markus Kollberg	abstract_0441.html
session_97.html	NA	Lucas Leemann	Markus Kollberg	abstract_0457.html
session_96.html	NA	Jan Rovny	Julia Schulte-Cloos	abstract_0406.html
session_96.html	NA	Jan Rovny	Julia Schulte-Cloos	abstract_0422.html
session_96.html	NA	Jan Rovny	Julia Schulte-Cloos	abstract_0440.html
session_94.html	NA	Tristan Klingelhöfer	Sofia Vasilopoulou	abstract_0421.html
session_94.html	NA	Tristan Klingelhöfer	Sofia Vasilopoulou	abstract_0439.html
session_94.html	NA	Tristan Klingelhöfer	Sofia Vasilopoulou	abstract_0456.html
session_93.html	NA	Niklas Harder	Eleanor Florence Woodhouse	abstract_0405.html
session_93.html	NA	Niklas Harder	Eleanor Florence Woodhouse	abstract_0420.html
session_93.html	NA	Niklas Harder	Eleanor Florence Woodhouse	abstract_0438.html
session_93.html	NA	Niklas Harder	Eleanor Florence Woodhouse	abstract_0455.html
session_92.html	NA	Alona Olga Dolinsky	Alona Olga Dolinsky	abstract_0404.html
session_92.html	NA	Alona Olga Dolinsky	Alona Olga Dolinsky	abstract_0419.html
session_92.html	NA	Alona Olga Dolinsky	Alona Olga Dolinsky	abstract_0437.html
session_92.html	NA	Alona Olga Dolinsky	Alona Olga Dolinsky	abstract_0454.html
session_91.html	NA	Stefanie Bailer	Elena Frech	abstract_0403.html
session_91.html	NA	Stefanie Bailer	Elena Frech	abstract_0436.html
session_91.html	NA	Stefanie Bailer	Elena Frech	abstract_0453.html
session_90.html	NA	Alba Huidobro	Soledad Artiz Prillaman	abstract_0402.html
session_90.html	NA	Alba Huidobro	Soledad Artiz Prillaman	abstract_0418.html
session_90.html	NA	Alba Huidobro	Soledad Artiz Prillaman	abstract_0435.html
session_90.html	NA	Alba Huidobro	Soledad Artiz Prillaman	abstract_0452.html
session_9.html	NA	Daniel Saldivia Gonzatti	Daniele Guariso	abstract_0008.html
session_9.html	NA	Daniel Saldivia Gonzatti	Daniele Guariso	abstract_0041.html
session_9.html	NA	Daniel Saldivia Gonzatti	Daniele Guariso	abstract_0055.html
session_9.html	NA	Daniel Saldivia Gonzatti	Daniele Guariso	abstract_0062.html
session_89.html	NA	Georg Menz	javier lorenzo	abstract_0401.html
session_89.html	NA	Georg Menz	javier lorenzo	abstract_0417.html
session_89.html	NA	Georg Menz	javier lorenzo	abstract_0434.html
session_89.html	NA	Georg Menz	javier lorenzo	abstract_0451.html
session_89.html	NA	Georg Menz	javier lorenzo	abstract_0468.html
session_88.html	NA	NA	Tom OGrady	abstract_0335.html
session_88.html	NA	NA	Tom OGrady	abstract_0351.html
session_88.html	NA	NA	Tom OGrady	abstract_0369.html
session_88.html	NA	NA	Tom OGrady	abstract_0385.html
session_88.html	NA	NA	Tom OGrady	abstract_0397.html
session_87.html	NA	Eleanor Knott	Peter Emerson	abstract_0350.html
session_87.html	NA	Eleanor Knott	Peter Emerson	abstract_0366.html
session_87.html	NA	Eleanor Knott	Peter Emerson	abstract_0382.html
session_86.html	NA	Fabian Guy Neuner	Toni Rodon	abstract_0333.html
session_86.html	NA	Fabian Guy Neuner	Toni Rodon	abstract_0348.html
session_86.html	NA	Fabian Guy Neuner	Toni Rodon	abstract_0365.html
session_86.html	NA	Fabian Guy Neuner	Toni Rodon	abstract_0381.html
session_86.html	NA	Fabian Guy Neuner	Toni Rodon	abstract_0395.html
session_84.html	NA	Simon Munzert	Cristina Monzer	abstract_0332.html
session_84.html	NA	Simon Munzert	Cristina Monzer	abstract_0347.html
session_84.html	NA	Simon Munzert	Cristina Monzer	abstract_0364.html
session_84.html	NA	Simon Munzert	Cristina Monzer	abstract_0380.html
session_84.html	NA	Simon Munzert	Cristina Monzer	abstract_0394.html
session_83.html	NA	Fabio Franchino	Steffen Hurka	abstract_0331.html
session_83.html	NA	Fabio Franchino	Steffen Hurka	abstract_0346.html
session_83.html	NA	Fabio Franchino	Steffen Hurka	abstract_0363.html
session_83.html	NA	Fabio Franchino	Steffen Hurka	abstract_0379.html
session_82.html	NA	Matthew Gabel	Kevin W Gray	abstract_0330.html
session_82.html	NA	Matthew Gabel	Kevin W Gray	abstract_0345.html
session_82.html	NA	Matthew Gabel	Kevin W Gray	abstract_0362.html
session_82.html	NA	Matthew Gabel	Kevin W Gray	abstract_0393.html
session_81.html	NA	Caroline M. Brandt	Allison Koh	abstract_0329.html
session_81.html	NA	Caroline M. Brandt	Allison Koh	abstract_0344.html
session_81.html	NA	Caroline M. Brandt	Allison Koh	abstract_0361.html
session_81.html	NA	Caroline M. Brandt	Allison Koh	abstract_0378.html
session_80.html	NA	Ryan Weldzius	Ian Turner	abstract_0328.html
session_80.html	NA	Ryan Weldzius	Ian Turner	abstract_0343.html
session_80.html	NA	Ryan Weldzius	Ian Turner	abstract_0360.html
session_80.html	NA	Ryan Weldzius	Ian Turner	abstract_0377.html
session_80.html	NA	Ryan Weldzius	Ian Turner	abstract_0392.html
session_8.html	NA	Nori Katagiri	Andrew G Long	abstract_0007.html
session_8.html	NA	Nori Katagiri	Andrew G Long	abstract_0024.html
session_8.html	NA	Nori Katagiri	Andrew G Long	abstract_0039.html
session_8.html	NA	Nori Katagiri	Andrew G Long	abstract_0053.html
session_79.html	NA	Frederik Hjorth	Verena Kunz	abstract_0327.html
session_79.html	NA	Frederik Hjorth	Verena Kunz	abstract_0342.html
session_79.html	NA	Frederik Hjorth	Verena Kunz	abstract_0359.html
session_79.html	NA	Frederik Hjorth	Verena Kunz	abstract_0376.html
session_79.html	NA	Frederik Hjorth	Verena Kunz	abstract_0391.html
session_78.html	NA	Soledad Artiz Prillaman	Alexander Kuo	abstract_0326.html
session_78.html	NA	Soledad Artiz Prillaman	Alexander Kuo	abstract_0358.html
session_78.html	NA	Soledad Artiz Prillaman	Alexander Kuo	abstract_0375.html
session_78.html	NA	Soledad Artiz Prillaman	Alexander Kuo	abstract_0390.html
session_77.html	NA	Brad Epperly	Benjamin Engst, Silje Synnøve Lyder Hermansen	abstract_0325.html
session_77.html	NA	Brad Epperly	Benjamin Engst, Silje Synnøve Lyder Hermansen	abstract_0341.html
session_77.html	NA	Brad Epperly	Benjamin Engst, Silje Synnøve Lyder Hermansen	abstract_0357.html
session_77.html	NA	Brad Epperly	Benjamin Engst, Silje Synnøve Lyder Hermansen	abstract_0374.html
session_77.html	NA	Brad Epperly	Benjamin Engst, Silje Synnøve Lyder Hermansen	abstract_0389.html
session_76.html	NA	Milan Svolik	Monika Nalepa, Christopher Claassen	abstract_0324.html
session_76.html	NA	Milan Svolik	Monika Nalepa, Christopher Claassen	abstract_0340.html
session_76.html	NA	Milan Svolik	Monika Nalepa, Christopher Claassen	abstract_0356.html
session_76.html	NA	Milan Svolik	Monika Nalepa, Christopher Claassen	abstract_0373.html
session_74.html	NA	Eelco Harteveld	Haylee Kelsall	abstract_0878.html
session_74.html	NA	Eelco Harteveld	Haylee Kelsall	abstract_0890.html
session_74.html	NA	Eelco Harteveld	Haylee Kelsall	abstract_0903.html
session_74.html	NA	Eelco Harteveld	Haylee Kelsall	abstract_0915.html
session_74.html	NA	Eelco Harteveld	Haylee Kelsall	abstract_0927.html
session_73.html	NA	Alon Yakter	NA	abstract_0271.html
session_73.html	NA	Alon Yakter	NA	abstract_0286.html
session_73.html	NA	Alon Yakter	NA	abstract_0301.html
session_73.html	NA	Alon Yakter	NA	abstract_0312.html
session_73.html	NA	Alon Yakter	NA	abstract_0321.html
session_72.html	NA	Ekaterina Borisova	Andreas Wiedemann	abstract_0270.html
session_72.html	NA	Ekaterina Borisova	Andreas Wiedemann	abstract_0285.html
session_72.html	NA	Ekaterina Borisova	Andreas Wiedemann	abstract_0311.html
session_72.html	NA	Ekaterina Borisova	Andreas Wiedemann	abstract_0320.html
session_71.html	NA	Olga Gasparyan	Marko Klasnja	abstract_0269.html
session_71.html	NA	Olga Gasparyan	Marko Klasnja	abstract_0284.html
session_71.html	NA	Olga Gasparyan	Marko Klasnja	abstract_0300.html
session_7.html	NA	Lucas M Novaes	Pedro Riera	abstract_0006.html
session_7.html	NA	Lucas M Novaes	Pedro Riera	abstract_0023.html
session_7.html	NA	Lucas M Novaes	Pedro Riera	abstract_0038.html
session_7.html	NA	Lucas M Novaes	Pedro Riera	abstract_0052.html
session_67.html	NA	Guido Tiemann	Violeta Haas	abstract_0267.html
session_67.html	NA	Guido Tiemann	Violeta Haas	abstract_0282.html
session_67.html	NA	Guido Tiemann	Violeta Haas	abstract_0298.html
session_67.html	NA	Guido Tiemann	Violeta Haas	abstract_0309.html
session_66.html	NA	Heike Klüver	Andrea S Aldrich	abstract_0266.html
session_66.html	NA	Heike Klüver	Andrea S Aldrich	abstract_0281.html
session_66.html	NA	Heike Klüver	Andrea S Aldrich	abstract_0297.html
session_66.html	NA	Heike Klüver	Andrea S Aldrich	abstract_0308.html
session_65.html	NA	Patrick Gildas Le Bihan	Benjamin Blumenthal	abstract_0265.html
session_65.html	NA	Patrick Gildas Le Bihan	Benjamin Blumenthal	abstract_0280.html
session_65.html	NA	Patrick Gildas Le Bihan	Benjamin Blumenthal	abstract_0296.html
session_65.html	NA	Patrick Gildas Le Bihan	Benjamin Blumenthal	abstract_0307.html
session_65.html	NA	Patrick Gildas Le Bihan	Benjamin Blumenthal	abstract_0319.html
session_64.html	NA	Ellen Lust	Elliott Green	abstract_0264.html
session_64.html	NA	Ellen Lust	Elliott Green	abstract_0279.html
session_64.html	NA	Ellen Lust	Elliott Green	abstract_0295.html
session_64.html	NA	Ellen Lust	Elliott Green	abstract_0306.html
session_64.html	NA	Ellen Lust	Elliott Green	abstract_0318.html
session_63.html	NA	Denise Traber	Maurits J. Meijers	abstract_0263.html
session_63.html	NA	Denise Traber	Maurits J. Meijers	abstract_0294.html
session_63.html	NA	Denise Traber	Maurits J. Meijers	abstract_0305.html
session_63.html	NA	Denise Traber	Maurits J. Meijers	abstract_0317.html
session_62.html	NA	Jan P. Vogler	Michael Becher	abstract_0262.html
session_62.html	NA	Jan P. Vogler	Michael Becher	abstract_0278.html
session_62.html	NA	Jan P. Vogler	Michael Becher	abstract_0293.html
session_62.html	NA	Jan P. Vogler	Michael Becher	abstract_0304.html
session_61.html	NA	Lukas Linsi	Martin Elff	abstract_0261.html
session_61.html	NA	Lukas Linsi	Martin Elff	abstract_0277.html
session_61.html	NA	Lukas Linsi	Martin Elff	abstract_0292.html
session_60.html	NA	Paul Marx	Paul Marx	abstract_0201.html
session_60.html	NA	Paul Marx	Paul Marx	abstract_0214.html
session_60.html	NA	Paul Marx	Paul Marx	abstract_0229.html
session_6.html	NA	Aleksandra Khokhlova	Jens Wäckerle	abstract_0259.html
session_6.html	NA	Aleksandra Khokhlova	Jens Wäckerle	abstract_0275.html
session_6.html	NA	Aleksandra Khokhlova	Jens Wäckerle	abstract_0290.html
session_59.html	NA	Simone Paci	Victor Araújo	abstract_0200.html
session_59.html	NA	Simone Paci	Victor Araújo	abstract_0228.html
session_59.html	NA	Simone Paci	Victor Araújo	abstract_0241.html
session_58.html	NA	Nelson Ruiz	Thomas Robinson	abstract_0199.html
session_58.html	NA	Nelson Ruiz	Thomas Robinson	abstract_0213.html
session_58.html	NA	Nelson Ruiz	Thomas Robinson	abstract_0227.html
session_58.html	NA	Nelson Ruiz	Thomas Robinson	abstract_0240.html
session_58.html	NA	Nelson Ruiz	Thomas Robinson	abstract_0254.html
session_57.html	NA	Zuheir Desai	Cristina Bodea	abstract_0198.html
session_57.html	NA	Zuheir Desai	Cristina Bodea	abstract_0212.html
session_57.html	NA	Zuheir Desai	Cristina Bodea	abstract_0226.html
session_57.html	NA	Zuheir Desai	Cristina Bodea	abstract_0239.html
session_57.html	NA	Zuheir Desai	Cristina Bodea	abstract_0253.html
session_56.html	NA	Gerald Schneider	NA	abstract_0225.html
session_56.html	NA	Gerald Schneider	NA	abstract_0238.html
session_56.html	NA	Gerald Schneider	NA	abstract_0252.html
session_55.html	NA	Ignacio Lago	Sergi Martínez	abstract_0197.html
session_55.html	NA	Ignacio Lago	Sergi Martínez	abstract_0211.html
session_55.html	NA	Ignacio Lago	Sergi Martínez	abstract_0224.html
session_55.html	NA	Ignacio Lago	Sergi Martínez	abstract_0251.html
session_54.html	NA	Eleonora Mattiacci	Eleonora Mattiacci, Scott Gates	abstract_0196.html
session_54.html	NA	Eleonora Mattiacci	Eleonora Mattiacci, Scott Gates	abstract_0210.html
session_54.html	NA	Eleonora Mattiacci	Eleonora Mattiacci, Scott Gates	abstract_0223.html
session_54.html	NA	Eleonora Mattiacci	Eleonora Mattiacci, Scott Gates	abstract_0237.html
session_54.html	NA	Eleonora Mattiacci	Eleonora Mattiacci, Scott Gates	abstract_0250.html
session_54.html	NA	Eleonora Mattiacci	Eleonora Mattiacci, Scott Gates	abstract_0258.html
session_53.html	NA	NA	Jan Berz	abstract_0195.html
session_53.html	NA	NA	Jan Berz	abstract_0209.html
session_53.html	NA	NA	Jan Berz	abstract_0222.html
session_52.html	NA	Cristina Monzer	Damian Trilling	abstract_0194.html
session_52.html	NA	Cristina Monzer	Damian Trilling	abstract_0221.html
session_52.html	NA	Cristina Monzer	Damian Trilling	abstract_0236.html
session_52.html	NA	Cristina Monzer	Damian Trilling	abstract_0249.html
session_51.html	NA	Christoph Mikulaschek	Philippe van Gruisen	abstract_0192.html
session_51.html	NA	Christoph Mikulaschek	Philippe van Gruisen	abstract_0207.html
session_51.html	NA	Christoph Mikulaschek	Philippe van Gruisen	abstract_0220.html
session_51.html	NA	Christoph Mikulaschek	Philippe van Gruisen	abstract_0235.html
session_51.html	NA	Christoph Mikulaschek	Philippe van Gruisen	abstract_0248.html
session_50.html	NA	A. Maurits van der Veen	Christian Arnold	abstract_0193.html
session_50.html	NA	A. Maurits van der Veen	Christian Arnold	abstract_0208.html
session_50.html	NA	A. Maurits van der Veen	Christian Arnold	abstract_0219.html
session_50.html	NA	A. Maurits van der Veen	Christian Arnold	abstract_0234.html
session_50.html	NA	A. Maurits van der Veen	Christian Arnold	abstract_0247.html
session_5.html	NA	Stefanie Reher	Sona Golder	abstract_0004.html
session_5.html	NA	Stefanie Reher	Sona Golder	abstract_0021.html
session_5.html	NA	Stefanie Reher	Sona Golder	abstract_0037.html
session_5.html	NA	Stefanie Reher	Sona Golder	abstract_0050.html
session_48.html	NA	Victoria Paniagua	Jean Lacroix	abstract_0191.html
session_48.html	NA	Victoria Paniagua	Jean Lacroix	abstract_0206.html
session_48.html	NA	Victoria Paniagua	Jean Lacroix	abstract_0218.html
session_46.html	NA	Jan Rovny	Peter Egge Langsæther	abstract_0137.html
session_46.html	NA	Jan Rovny	Peter Egge Langsæther	abstract_0151.html
session_46.html	NA	Jan Rovny	Peter Egge Langsæther	abstract_0165.html
session_46.html	NA	Jan Rovny	Peter Egge Langsæther	abstract_0179.html
session_46.html	NA	Jan Rovny	Peter Egge Langsæther	abstract_0188.html
session_44.html	NA	Vally Koubi	Viktoria Jansesberger	abstract_0136.html
session_44.html	NA	Vally Koubi	Viktoria Jansesberger	abstract_0150.html
session_44.html	NA	Vally Koubi	Viktoria Jansesberger	abstract_0164.html
session_43.html	NA	Zachary David Greene	Werner Krause	abstract_0135.html
session_43.html	NA	Zachary David Greene	Werner Krause	abstract_0163.html
session_43.html	NA	Zachary David Greene	Werner Krause	abstract_0178.html
session_43.html	NA	Zachary David Greene	Werner Krause	abstract_0187.html
session_42.html	NA	NA	Jochen Rehmert, Frederik Springer	abstract_0134.html
session_42.html	NA	NA	Jochen Rehmert, Frederik Springer	abstract_0149.html
session_42.html	NA	NA	Jochen Rehmert, Frederik Springer	abstract_0162.html
session_42.html	NA	NA	Jochen Rehmert, Frederik Springer	abstract_0177.html
session_42.html	NA	NA	Jochen Rehmert, Frederik Springer	abstract_0186.html
session_40.html	NA	Giacomo Salvarani	Christophe Crombez	abstract_0148.html
session_40.html	NA	Giacomo Salvarani	Christophe Crombez	abstract_0161.html
session_40.html	NA	Giacomo Salvarani	Christophe Crombez	abstract_0176.html
session_40.html	NA	Giacomo Salvarani	Christophe Crombez	abstract_0185.html
session_4.html	NA	Vicente Valentim	Vicente Valentim	abstract_0003.html
session_4.html	NA	Vicente Valentim	Vicente Valentim	abstract_0019.html
session_4.html	NA	Vicente Valentim	Vicente Valentim	abstract_0036.html
session_39.html	NA	Brian Kisida	Lea Portmann	abstract_0133.html
session_39.html	NA	Brian Kisida	Lea Portmann	abstract_0147.html
session_39.html	NA	Brian Kisida	Lea Portmann	abstract_0160.html
session_39.html	NA	Brian Kisida	Lea Portmann	abstract_0175.html
session_39.html	NA	Brian Kisida	Lea Portmann	abstract_0184.html
session_38.html	NA	Brenna Armstrong	Tom Louwerse	abstract_0132.html
session_38.html	NA	Brenna Armstrong	Tom Louwerse	abstract_0146.html
session_38.html	NA	Brenna Armstrong	Tom Louwerse	abstract_0159.html
session_38.html	NA	Brenna Armstrong	Tom Louwerse	abstract_0174.html
session_38.html	NA	Brenna Armstrong	Tom Louwerse	abstract_0183.html
session_37.html	NA	Emiel Awad	Antoine Zerbini	abstract_0131.html
session_37.html	NA	Emiel Awad	Antoine Zerbini	abstract_0145.html
session_37.html	NA	Emiel Awad	Antoine Zerbini	abstract_0158.html
session_37.html	NA	Emiel Awad	Antoine Zerbini	abstract_0173.html
session_36.html	NA	Daniel M Smith	Roman-Gabriel Olar	abstract_0130.html
session_36.html	NA	Daniel M Smith	Roman-Gabriel Olar	abstract_0144.html
session_36.html	NA	Daniel M Smith	Roman-Gabriel Olar	abstract_0157.html
session_36.html	NA	Daniel M Smith	Roman-Gabriel Olar	abstract_0172.html
session_34.html	NA	Joanna Bryson	NA	abstract_0077.html
session_34.html	NA	Joanna Bryson	NA	abstract_0094.html
session_34.html	NA	Joanna Bryson	NA	abstract_0108.html
session_34.html	NA	Joanna Bryson	NA	abstract_0119.html
session_33.html	NA	Selim Erdem Aytaç	Lena Masch	abstract_0076.html
session_33.html	NA	Selim Erdem Aytaç	Lena Masch	abstract_0093.html
session_32.html	NA	Alexandra Hartman	Robert A Huber	abstract_0092.html
session_32.html	NA	Alexandra Hartman	Robert A Huber	abstract_0107.html
session_32.html	NA	Alexandra Hartman	Robert A Huber	abstract_0118.html
session_31.html	NA	Ryan Bakker	Christine Sylvester	abstract_0075.html
session_31.html	NA	Ryan Bakker	Christine Sylvester	abstract_0091.html
session_31.html	NA	Ryan Bakker	Christine Sylvester	abstract_0106.html
session_31.html	NA	Ryan Bakker	Christine Sylvester	abstract_0117.html
session_30.html	NA	Heidi Schulze	Lanabi la Lova	abstract_0074.html
session_30.html	NA	Heidi Schulze	Lanabi la Lova	abstract_0089.html
session_30.html	NA	Heidi Schulze	Lanabi la Lova	abstract_0105.html
session_30.html	NA	Heidi Schulze	Lanabi la Lova	abstract_0116.html
session_30.html	NA	Heidi Schulze	Lanabi la Lova	abstract_0126.html
session_29.html	NA	Marius Saeltzer	Brian Boyle	abstract_0073.html
session_29.html	NA	Marius Saeltzer	Brian Boyle	abstract_0090.html
session_29.html	NA	Marius Saeltzer	Brian Boyle	abstract_0104.html
session_28.html	NA	Anastasia Ershova	Reto Wüest	abstract_0072.html
session_28.html	NA	Anastasia Ershova	Reto Wüest	abstract_0088.html
session_28.html	NA	Anastasia Ershova	Reto Wüest	abstract_0103.html
session_279.html	NA	Clara Neupert-Wentz	Anne Degrave	abstract_0816.html
session_279.html	NA	Clara Neupert-Wentz	Anne Degrave	abstract_0831.html
session_279.html	NA	Clara Neupert-Wentz	Anne Degrave	abstract_0845.html
session_279.html	NA	Clara Neupert-Wentz	Anne Degrave	abstract_0858.html
session_279.html	NA	Clara Neupert-Wentz	Anne Degrave	abstract_0872.html
session_278.html	NA	James Igoe Walsh	Daniel Devine	abstract_0815.html
session_278.html	NA	James Igoe Walsh	Daniel Devine	abstract_0830.html
session_278.html	NA	James Igoe Walsh	Daniel Devine	abstract_0844.html
session_278.html	NA	James Igoe Walsh	Daniel Devine	abstract_0857.html
session_277.html	NA	Carl Henrik Knutsen	Michael Becher	abstract_0747.html
session_277.html	NA	Carl Henrik Knutsen	Michael Becher	abstract_0761.html
session_277.html	NA	Carl Henrik Knutsen	Michael Becher	abstract_0776.html
session_277.html	NA	Carl Henrik Knutsen	Michael Becher	abstract_0790.html
session_277.html	NA	Carl Henrik Knutsen	Michael Becher	abstract_0804.html
session_276.html	NA	Manuela Muñoz	Florian Simon Schaffner	abstract_0746.html
session_276.html	NA	Manuela Muñoz	Florian Simon Schaffner	abstract_0760.html
session_276.html	NA	Manuela Muñoz	Florian Simon Schaffner	abstract_0775.html
session_275.html	NA	Nathan Kelly	Allison Nicole Bugenis	abstract_0678.html
session_275.html	NA	Nathan Kelly	Allison Nicole Bugenis	abstract_0691.html
session_275.html	NA	Nathan Kelly	Allison Nicole Bugenis	abstract_0706.html
session_275.html	NA	Nathan Kelly	Allison Nicole Bugenis	abstract_0723.html
session_275.html	NA	Nathan Kelly	Allison Nicole Bugenis	abstract_0737.html
session_273.html	NA	Or Tuttnauer	Marius Radean	abstract_0611.html
session_273.html	NA	Or Tuttnauer	Marius Radean	abstract_0626.html
session_273.html	NA	Or Tuttnauer	Marius Radean	abstract_0641.html
session_273.html	NA	Or Tuttnauer	Marius Radean	abstract_0657.html
session_273.html	NA	Or Tuttnauer	Marius Radean	abstract_0669.html
session_272.html	NA	Eri Bertsou	Leo Ahrens	abstract_0612.html
session_272.html	NA	Eri Bertsou	Leo Ahrens	abstract_0627.html
session_272.html	NA	Eri Bertsou	Leo Ahrens	abstract_0640.html
session_272.html	NA	Eri Bertsou	Leo Ahrens	abstract_0656.html
session_271.html	NA	Max Schaub	Constanza Sanhueza Petrarca	abstract_0547.html
session_271.html	NA	Max Schaub	Constanza Sanhueza Petrarca	abstract_0562.html
session_271.html	NA	Max Schaub	Constanza Sanhueza Petrarca	abstract_0578.html
session_271.html	NA	Max Schaub	Constanza Sanhueza Petrarca	abstract_0593.html
session_271.html	NA	Max Schaub	Constanza Sanhueza Petrarca	abstract_0605.html
session_270.html	NA	Patrick Gildas Le Bihan	Davide Morisi	abstract_0546.html
session_270.html	NA	Patrick Gildas Le Bihan	Davide Morisi	abstract_0561.html
session_270.html	NA	Patrick Gildas Le Bihan	Davide Morisi	abstract_0577.html
session_27.html	NA	NA	Patrick Bayer	abstract_0071.html
session_27.html	NA	NA	Patrick Bayer	abstract_0087.html
session_27.html	NA	NA	Patrick Bayer	abstract_0102.html
session_27.html	NA	NA	Patrick Bayer	abstract_0125.html
session_269.html	NA	Sarah Engler	Dominik Hangartner	abstract_0477.html
session_269.html	NA	Sarah Engler	Dominik Hangartner	abstract_0492.html
session_269.html	NA	Sarah Engler	Dominik Hangartner	abstract_0508.html
session_269.html	NA	Sarah Engler	Dominik Hangartner	abstract_0525.html
session_268.html	NA	Eva Kristine Østergaard-Nielsen	Samuel David Schmid	abstract_0474.html
session_268.html	NA	Eva Kristine Østergaard-Nielsen	Samuel David Schmid	abstract_0491.html
session_268.html	NA	Eva Kristine Østergaard-Nielsen	Samuel David Schmid	abstract_0507.html
session_268.html	NA	Eva Kristine Østergaard-Nielsen	Samuel David Schmid	abstract_0538.html
session_266.html	NA	Petra Guasti	Sarah Engler	abstract_0412.html
session_266.html	NA	Petra Guasti	Sarah Engler	abstract_0427.html
session_266.html	NA	Petra Guasti	Sarah Engler	abstract_0444.html
session_266.html	NA	Petra Guasti	Sarah Engler	abstract_0461.html
session_265.html	NA	Byong-kuen Jhee	Gabor Simonovits	abstract_0336.html
session_265.html	NA	Byong-kuen Jhee	Gabor Simonovits	abstract_0352.html
session_265.html	NA	Byong-kuen Jhee	Gabor Simonovits	abstract_0368.html
session_265.html	NA	Byong-kuen Jhee	Gabor Simonovits	abstract_0384.html
session_264.html	NA	Arturas Rozenas	NA	abstract_0334.html
session_264.html	NA	Arturas Rozenas	NA	abstract_0349.html
session_264.html	NA	Arturas Rozenas	NA	abstract_0367.html
session_264.html	NA	Arturas Rozenas	NA	abstract_0383.html
session_264.html	NA	Arturas Rozenas	NA	abstract_0396.html
session_264.html	NA	Arturas Rozenas	NA	abstract_0400.html
session_262.html	NA	Øyvind Stiansen	Andy Harris	abstract_0273.html
session_262.html	NA	Øyvind Stiansen	Andy Harris	abstract_0288.html
session_262.html	NA	Øyvind Stiansen	Andy Harris	abstract_0303.html
session_262.html	NA	Øyvind Stiansen	Andy Harris	abstract_0314.html
session_261.html	NA	Natasha Wunsch	Tine Paulsen	abstract_0274.html
session_261.html	NA	Natasha Wunsch	Tine Paulsen	abstract_0289.html
session_261.html	NA	Natasha Wunsch	Tine Paulsen	abstract_0302.html
session_261.html	NA	Natasha Wunsch	Tine Paulsen	abstract_0315.html
session_260.html	NA	Rachael Sarah McLellan	Janina Beiser-McGrath	abstract_0216.html
session_260.html	NA	Rachael Sarah McLellan	Janina Beiser-McGrath	abstract_0231.html
session_260.html	NA	Rachael Sarah McLellan	Janina Beiser-McGrath	abstract_0244.html
session_26.html	NA	Orit Kedar	Orit Kedar, Sven-Oliver Proksch	abstract_0070.html
session_26.html	NA	Orit Kedar	Orit Kedar, Sven-Oliver Proksch	abstract_0086.html
session_259.html	NA	Lukas Linek	Pedro Riera	abstract_0142.html
session_259.html	NA	Lukas Linek	Pedro Riera	abstract_0170.html
session_259.html	NA	Lukas Linek	Pedro Riera	abstract_0182.html
session_257.html	NA	Andrea Fumarola	Daniel McArthur	abstract_0141.html
session_257.html	NA	Andrea Fumarola	Daniel McArthur	abstract_0155.html
session_257.html	NA	Andrea Fumarola	Daniel McArthur	abstract_0169.html
session_256.html	NA	David B Carter	Felix Haass	abstract_0081.html
session_256.html	NA	David B Carter	Felix Haass	abstract_0098.html
session_256.html	NA	David B Carter	Felix Haass	abstract_0112.html
session_256.html	NA	David B Carter	Felix Haass	abstract_0122.html
session_256.html	NA	David B Carter	Felix Haass	abstract_0128.html
session_255.html	NA	Francesc Amat	Marius Saeltzer	abstract_0017.html
session_255.html	NA	Francesc Amat	Marius Saeltzer	abstract_0033.html
session_255.html	NA	Francesc Amat	Marius Saeltzer	abstract_0066.html
session_254.html	NA	Patrick Michael Kuhn	Juraj Medzihorsky	abstract_0016.html
session_254.html	NA	Patrick Michael Kuhn	Juraj Medzihorsky	abstract_0032.html
session_254.html	NA	Patrick Michael Kuhn	Juraj Medzihorsky	abstract_0048.html
session_254.html	NA	Patrick Michael Kuhn	Juraj Medzihorsky	abstract_0061.html
session_254.html	NA	Patrick Michael Kuhn	Juraj Medzihorsky	abstract_0065.html
session_252.html	NA	Ana Carolina Garriga	NA	abstract_0829.html
session_252.html	NA	Ana Carolina Garriga	NA	abstract_0843.html
session_252.html	NA	Ana Carolina Garriga	NA	abstract_0856.html
session_252.html	NA	Ana Carolina Garriga	NA	abstract_0871.html
session_251.html	NA	Vally Koubi	Jan Freihardt	abstract_0902.html
session_251.html	NA	Vally Koubi	Jan Freihardt	abstract_0913.html
session_251.html	NA	Vally Koubi	Jan Freihardt	abstract_0933.html
session_250.html	NA	Zeynep Somer-Topcu	Zeynep Somer-Topcu	abstract_0888.html
session_250.html	NA	Zeynep Somer-Topcu	Zeynep Somer-Topcu	abstract_0901.html
session_250.html	NA	Zeynep Somer-Topcu	Zeynep Somer-Topcu	abstract_0912.html
session_25.html	NA	Nahomi Ichino	Janne Tukiainen	abstract_0069.html
session_25.html	NA	Nahomi Ichino	Janne Tukiainen	abstract_0085.html
session_25.html	NA	Nahomi Ichino	Janne Tukiainen	abstract_0101.html
session_25.html	NA	Nahomi Ichino	Janne Tukiainen	abstract_0115.html
session_249.html	NA	Lisanne de de Blok	Eefje Hanna Steenvoorden	abstract_0828.html
session_249.html	NA	Lisanne de de Blok	Eefje Hanna Steenvoorden	abstract_0855.html
session_249.html	NA	Lisanne de de Blok	Eefje Hanna Steenvoorden	abstract_0870.html
session_249.html	NA	Lisanne de de Blok	Eefje Hanna Steenvoorden	abstract_0876.html
session_247.html	NA	NA	Sofia Vasilopoulou	abstract_0773.html
session_247.html	NA	NA	Sofia Vasilopoulou	abstract_0788.html
session_247.html	NA	NA	Sofia Vasilopoulou	abstract_0802.html
session_247.html	NA	NA	Sofia Vasilopoulou	abstract_0814.html
session_246.html	NA	Daniel Devine	Arndt Leininger	abstract_0757.html
session_246.html	NA	Daniel Devine	Arndt Leininger	abstract_0771.html
session_246.html	NA	Daniel Devine	Arndt Leininger	abstract_0787.html
session_245.html	NA	Stuart Fox	Rebecca Glazier	abstract_0756.html
session_245.html	NA	Stuart Fox	Rebecca Glazier	abstract_0770.html
session_245.html	NA	Stuart Fox	Rebecca Glazier	abstract_0785.html
session_245.html	NA	Stuart Fox	Rebecca Glazier	abstract_0800.html
session_245.html	NA	Stuart Fox	Rebecca Glazier	abstract_0811.html
session_244.html	NA	Vicente Valentim	Michalis Moutselos, Sergio Montero	abstract_0688.html
session_244.html	NA	Vicente Valentim	Michalis Moutselos, Sergio Montero	abstract_0703.html
session_244.html	NA	Vicente Valentim	Michalis Moutselos, Sergio Montero	abstract_0719.html
session_244.html	NA	Vicente Valentim	Michalis Moutselos, Sergio Montero	abstract_0734.html
session_244.html	NA	Vicente Valentim	Michalis Moutselos, Sergio Montero	abstract_0744.html
session_242.html	NA	Alessandra Stampi-Bombelli	Judith Spirig	abstract_0701.html
session_242.html	NA	Alessandra Stampi-Bombelli	Judith Spirig	abstract_0717.html
session_242.html	NA	Alessandra Stampi-Bombelli	Judith Spirig	abstract_0732.html
session_242.html	NA	Alessandra Stampi-Bombelli	Judith Spirig	abstract_0742.html
session_241.html	NA	Francesco Colombo	Mark A. Kayser	abstract_0573.html
session_241.html	NA	Francesco Colombo	Mark A. Kayser	abstract_0587.html
session_241.html	NA	Francesco Colombo	Mark A. Kayser	abstract_0600.html
session_240.html	NA	Maurits J. Meijers	Lukas Linsi	abstract_0571.html
session_240.html	NA	Maurits J. Meijers	Lukas Linsi	abstract_0586.html
session_240.html	NA	Maurits J. Meijers	Lukas Linsi	abstract_0599.html
session_239.html	NA	Lena Schaffer	Toni Rodon	abstract_0432.html
session_239.html	NA	Lena Schaffer	Toni Rodon	abstract_0449.html
session_239.html	NA	Lena Schaffer	Toni Rodon	abstract_0466.html
session_238.html	NA	Tom WG van der Meer	Albert Falcó-Gimeno	abstract_0415.html
session_238.html	NA	Tom WG van der Meer	Albert Falcó-Gimeno	abstract_0431.html
session_238.html	NA	Tom WG van der Meer	Albert Falcó-Gimeno	abstract_0448.html
session_238.html	NA	Tom WG van der Meer	Albert Falcó-Gimeno	abstract_0465.html
session_238.html	NA	Tom WG van der Meer	Albert Falcó-Gimeno	abstract_0472.html
session_237.html	NA	NA	Thomas Gschwend	abstract_0414.html
session_237.html	NA	NA	Thomas Gschwend	abstract_0430.html
session_237.html	NA	NA	Thomas Gschwend	abstract_0447.html
session_237.html	NA	NA	Thomas Gschwend	abstract_0464.html
session_237.html	NA	NA	Thomas Gschwend	abstract_0471.html
session_236.html	NA	Marlene Mauk	Marlene Mauk	abstract_0489.html
session_236.html	NA	Marlene Mauk	Marlene Mauk	abstract_0505.html
session_236.html	NA	Marlene Mauk	Marlene Mauk	abstract_0522.html
session_236.html	NA	Marlene Mauk	Marlene Mauk	abstract_0537.html
session_235.html	NA	Haifeng huang	Milan Svolik	abstract_0487.html
session_235.html	NA	Haifeng huang	Milan Svolik	abstract_0503.html
session_235.html	NA	Haifeng huang	Milan Svolik	abstract_0521.html
session_235.html	NA	Haifeng huang	Milan Svolik	abstract_0535.html
session_235.html	NA	Haifeng huang	Milan Svolik	abstract_0545.html
session_234.html	NA	Florian Foos	Liran Harsgor	abstract_0485.html
session_234.html	NA	Florian Foos	Liran Harsgor	abstract_0502.html
session_234.html	NA	Florian Foos	Liran Harsgor	abstract_0519.html
session_234.html	NA	Florian Foos	Liran Harsgor	abstract_0534.html
session_233.html	NA	Johanna Dunaway	Mirya Holman	abstract_0338.html
session_233.html	NA	Johanna Dunaway	Mirya Holman	abstract_0354.html
session_233.html	NA	Johanna Dunaway	Mirya Holman	abstract_0371.html
session_233.html	NA	Johanna Dunaway	Mirya Holman	abstract_0387.html
session_233.html	NA	Johanna Dunaway	Mirya Holman	abstract_0399.html
session_232.html	NA	Mallory Compton	Bastian Becker	abstract_0337.html
session_232.html	NA	Mallory Compton	Bastian Becker	abstract_0353.html
session_232.html	NA	Mallory Compton	Bastian Becker	abstract_0370.html
session_232.html	NA	Mallory Compton	Bastian Becker	abstract_0386.html
session_232.html	NA	Mallory Compton	Bastian Becker	abstract_0398.html
session_230.html	NA	Andreas C Goldberg, Lisanne de de Blok	Giorgio Malet	abstract_0272.html
session_230.html	NA	Andreas C Goldberg, Lisanne de de Blok	Giorgio Malet	abstract_0287.html
session_230.html	NA	Andreas C Goldberg, Lisanne de de Blok	Giorgio Malet	abstract_0313.html
session_230.html	NA	Andreas C Goldberg, Lisanne de de Blok	Giorgio Malet	abstract_0322.html
session_229.html	NA	Michal Gulczynski	Deniz Aksoy	abstract_0203.html
session_229.html	NA	Michal Gulczynski	Deniz Aksoy	abstract_0215.html
session_229.html	NA	Michal Gulczynski	Deniz Aksoy	abstract_0230.html
session_229.html	NA	Michal Gulczynski	Deniz Aksoy	abstract_0243.html
session_229.html	NA	Michal Gulczynski	Deniz Aksoy	abstract_0256.html
session_227.html	NA	Silke Goubin	Matthew DiGiuseppe	abstract_0202.html
session_227.html	NA	Silke Goubin	Matthew DiGiuseppe	abstract_0242.html
session_227.html	NA	Silke Goubin	Matthew DiGiuseppe	abstract_0255.html
session_226.html	NA	Eri Bertsou	Björn Bremer	abstract_0140.html
session_226.html	NA	Eri Bertsou	Björn Bremer	abstract_0154.html
session_226.html	NA	Eri Bertsou	Björn Bremer	abstract_0168.html
session_226.html	NA	Eri Bertsou	Björn Bremer	abstract_0190.html
session_225.html	NA	Mwita Chacha	Ora John Reuter	abstract_0139.html
session_225.html	NA	Mwita Chacha	Ora John Reuter	abstract_0153.html
session_225.html	NA	Mwita Chacha	Ora John Reuter	abstract_0167.html
session_225.html	NA	Mwita Chacha	Ora John Reuter	abstract_0181.html
session_224.html	NA	Tinghua Yu	Olga Gasparyan	abstract_0138.html
session_224.html	NA	Tinghua Yu	Olga Gasparyan	abstract_0152.html
session_224.html	NA	Tinghua Yu	Olga Gasparyan	abstract_0166.html
session_224.html	NA	Tinghua Yu	Olga Gasparyan	abstract_0180.html
session_224.html	NA	Tinghua Yu	Olga Gasparyan	abstract_0189.html
session_223.html	NA	Scott Cook	Kevin Clarke	abstract_0080.html
session_223.html	NA	Scott Cook	Kevin Clarke	abstract_0097.html
session_223.html	NA	Scott Cook	Kevin Clarke	abstract_0111.html
session_222.html	NA	Alexandra Cirone	Alexandra Cirone	abstract_0079.html
session_222.html	NA	Alexandra Cirone	Alexandra Cirone	abstract_0096.html
session_222.html	NA	Alexandra Cirone	Alexandra Cirone	abstract_0110.html
session_222.html	NA	Alexandra Cirone	Alexandra Cirone	abstract_0121.html
session_222.html	NA	Alexandra Cirone	Alexandra Cirone	abstract_0127.html
session_221.html	NA	Jonathan Chapman	Anderson Frey	abstract_0078.html
session_221.html	NA	Jonathan Chapman	Anderson Frey	abstract_0095.html
session_221.html	NA	Jonathan Chapman	Anderson Frey	abstract_0109.html
session_221.html	NA	Jonathan Chapman	Anderson Frey	abstract_0120.html
session_221.html	NA	Jonathan Chapman	Anderson Frey	abstract_0129.html
session_220.html	NA	Patrick Fournier	Andreas C Goldberg	abstract_0015.html
session_220.html	NA	Patrick Fournier	Andreas C Goldberg	abstract_0031.html
session_220.html	NA	Patrick Fournier	Andreas C Goldberg	abstract_0047.html
session_220.html	NA	Patrick Fournier	Andreas C Goldberg	abstract_0060.html
session_22.html	NA	Daphne Joanna van der Pas	Jonathan Homola	abstract_0084.html
session_22.html	NA	Daphne Joanna van der Pas	Jonathan Homola	abstract_0114.html
session_22.html	NA	Daphne Joanna van der Pas	Jonathan Homola	abstract_0124.html
session_219.html	NA	Werner Krause	Ruth Dassonneville	abstract_0014.html
session_219.html	NA	Werner Krause	Ruth Dassonneville	abstract_0030.html
session_219.html	NA	Werner Krause	Ruth Dassonneville	abstract_0046.html
session_218.html	NA	Emma Aturora Renstrom	Markus Wagner	abstract_0013.html
session_218.html	NA	Emma Aturora Renstrom	Markus Wagner	abstract_0028.html
session_218.html	NA	Emma Aturora Renstrom	Markus Wagner	abstract_0045.html
session_218.html	NA	Emma Aturora Renstrom	Markus Wagner	abstract_0059.html
session_216.html	NA	Jonathan Benjamin Slapin	Maiken Røed	abstract_0268.html
session_216.html	NA	Jonathan Benjamin Slapin	Maiken Røed	abstract_0283.html
session_216.html	NA	Jonathan Benjamin Slapin	Maiken Røed	abstract_0299.html
session_216.html	NA	Jonathan Benjamin Slapin	Maiken Røed	abstract_0310.html
session_214.html	NA	Jacob Sohlberg	Alexander Wuttke	abstract_0887.html
session_214.html	NA	Jacob Sohlberg	Alexander Wuttke	abstract_0900.html
session_214.html	NA	Jacob Sohlberg	Alexander Wuttke	abstract_0911.html
session_214.html	NA	Jacob Sohlberg	Alexander Wuttke	abstract_0925.html
session_214.html	NA	Jacob Sohlberg	Alexander Wuttke	abstract_0932.html
session_213.html	NA	Henrik Bech Seeberg	Toni Rodon	abstract_0886.html
session_213.html	NA	Henrik Bech Seeberg	Toni Rodon	abstract_0899.html
session_213.html	NA	Henrik Bech Seeberg	Toni Rodon	abstract_0924.html
session_212.html	NA	Daniel McArthur	Aleksandra Sznajder Lee	abstract_0885.html
session_212.html	NA	Daniel McArthur	Aleksandra Sznajder Lee	abstract_0898.html
session_212.html	NA	Daniel McArthur	Aleksandra Sznajder Lee	abstract_0910.html
session_212.html	NA	Daniel McArthur	Aleksandra Sznajder Lee	abstract_0923.html
session_211.html	NA	Theres Matthieß	Samuel Alexander Thomas Johnston	abstract_0884.html
session_211.html	NA	Theres Matthieß	Samuel Alexander Thomas Johnston	abstract_0897.html
session_211.html	NA	Theres Matthieß	Samuel Alexander Thomas Johnston	abstract_0909.html
session_211.html	NA	Theres Matthieß	Samuel Alexander Thomas Johnston	abstract_0922.html
session_210.html	NA	NAZLI AVDAN	Klaudia Wegschaider	abstract_0883.html
session_210.html	NA	NAZLI AVDAN	Klaudia Wegschaider	abstract_0896.html
session_210.html	NA	NAZLI AVDAN	Klaudia Wegschaider	abstract_0908.html
session_210.html	NA	NAZLI AVDAN	Klaudia Wegschaider	abstract_0921.html
session_21.html	NA	Barbara Vis	Nathaniel L Beck	abstract_0005.html
session_21.html	NA	Barbara Vis	Nathaniel L Beck	abstract_0022.html
session_21.html	NA	Barbara Vis	Nathaniel L Beck	abstract_0051.html
session_208.html	NA	Benjamin Egerod	Hye Young You	abstract_0882.html
session_208.html	NA	Benjamin Egerod	Hye Young You	abstract_0895.html
session_208.html	NA	Benjamin Egerod	Hye Young You	abstract_0907.html
session_208.html	NA	Benjamin Egerod	Hye Young You	abstract_0920.html
session_207.html	NA	Christian Oswald	Christian Oswald	abstract_0881.html
session_207.html	NA	Christian Oswald	Christian Oswald	abstract_0894.html
session_207.html	NA	Christian Oswald	Christian Oswald	abstract_0919.html
session_207.html	NA	Christian Oswald	Christian Oswald	abstract_0931.html
session_206.html	NA	Kirby Goidel	NA	abstract_0205.html
session_206.html	NA	Kirby Goidel	NA	abstract_0233.html
session_206.html	NA	Kirby Goidel	NA	abstract_0246.html
session_206.html	NA	Kirby Goidel	NA	abstract_0257.html
session_205.html	NA	Sabine Carey	Tore Wig	abstract_0753.html
session_205.html	NA	Sabine Carey	Tore Wig	abstract_0766.html
session_205.html	NA	Sabine Carey	Tore Wig	abstract_0782.html
session_205.html	NA	Sabine Carey	Tore Wig	abstract_0796.html
session_204.html	NA	Sona Golder	Svenja Krauss	abstract_0880.html
session_204.html	NA	Sona Golder	Svenja Krauss	abstract_0893.html
session_204.html	NA	Sona Golder	Svenja Krauss	abstract_0906.html
session_204.html	NA	Sona Golder	Svenja Krauss	abstract_0918.html
session_204.html	NA	Sona Golder	Svenja Krauss	abstract_0930.html
session_203.html	NA	Martin Elff	Martin Elff	abstract_0416.html
session_203.html	NA	Martin Elff	Martin Elff	abstract_0433.html
session_203.html	NA	Martin Elff	Martin Elff	abstract_0450.html
session_203.html	NA	Martin Elff	Martin Elff	abstract_0467.html
session_202.html	NA	Vally Koubi	Silvia Pianta	abstract_0758.html
session_202.html	NA	Vally Koubi	Silvia Pianta	abstract_0772.html
session_202.html	NA	Vally Koubi	Silvia Pianta	abstract_0801.html
session_202.html	NA	Vally Koubi	Silvia Pianta	abstract_0813.html
session_201.html	NA	Anke Tresch	Giorgio Malet	abstract_0769.html
session_201.html	NA	Anke Tresch	Giorgio Malet	abstract_0786.html
session_201.html	NA	Anke Tresch	Giorgio Malet	abstract_0799.html
session_201.html	NA	Anke Tresch	Giorgio Malet	abstract_0812.html
session_200.html	NA	Mary Stegmaier	Michal Gulczynski	abstract_0755.html
session_200.html	NA	Mary Stegmaier	Michal Gulczynski	abstract_0768.html
session_200.html	NA	Mary Stegmaier	Michal Gulczynski	abstract_0784.html
session_200.html	NA	Mary Stegmaier	Michal Gulczynski	abstract_0798.html
session_200.html	NA	Mary Stegmaier	Michal Gulczynski	abstract_0810.html
session_20.html	NA	Kendall L Curtis	Levan Kakhishvili	abstract_0068.html
session_20.html	NA	Kendall L Curtis	Levan Kakhishvili	abstract_0083.html
session_20.html	NA	Kendall L Curtis	Levan Kakhishvili	abstract_0100.html
session_2.html	NA	Gabriel Leon-Ablan	Jessica Sun	abstract_0323.html
session_2.html	NA	Gabriel Leon-Ablan	Jessica Sun	abstract_0339.html
session_2.html	NA	Gabriel Leon-Ablan	Jessica Sun	abstract_0355.html
session_2.html	NA	Gabriel Leon-Ablan	Jessica Sun	abstract_0372.html
session_2.html	NA	Gabriel Leon-Ablan	Jessica Sun	abstract_0388.html
session_199.html	NA	Natascha S Neudorfer	Lea Kaftan	abstract_0754.html
session_199.html	NA	Natascha S Neudorfer	Lea Kaftan	abstract_0767.html
session_199.html	NA	Natascha S Neudorfer	Lea Kaftan	abstract_0783.html
session_199.html	NA	Natascha S Neudorfer	Lea Kaftan	abstract_0797.html
session_199.html	NA	Natascha S Neudorfer	Lea Kaftan	abstract_0809.html
session_198.html	NA	Vlastimil Havlik	Damien Bol	abstract_0204.html
session_198.html	NA	Vlastimil Havlik	Damien Bol	abstract_0217.html
session_198.html	NA	Vlastimil Havlik	Damien Bol	abstract_0232.html
session_198.html	NA	Vlastimil Havlik	Damien Bol	abstract_0245.html
session_196.html	NA	NA	NA	abstract_0752.html
session_196.html	NA	NA	NA	abstract_0765.html
session_196.html	NA	NA	NA	abstract_0781.html
session_196.html	NA	NA	NA	abstract_0795.html
session_195.html	NA	Eefje Hanna Steenvoorden	Patrick Wagner	abstract_0751.html
session_195.html	NA	Eefje Hanna Steenvoorden	Patrick Wagner	abstract_0764.html
session_195.html	NA	Eefje Hanna Steenvoorden	Patrick Wagner	abstract_0780.html
session_195.html	NA	Eefje Hanna Steenvoorden	Patrick Wagner	abstract_0794.html
session_195.html	NA	Eefje Hanna Steenvoorden	Patrick Wagner	abstract_0808.html
session_194.html	NA	Sara McLaughlin Mitchell	Sara McLaughlin Mitchell	abstract_0750.html
session_194.html	NA	Sara McLaughlin Mitchell	Sara McLaughlin Mitchell	abstract_0763.html
session_194.html	NA	Sara McLaughlin Mitchell	Sara McLaughlin Mitchell	abstract_0779.html
session_194.html	NA	Sara McLaughlin Mitchell	Sara McLaughlin Mitchell	abstract_0793.html
session_194.html	NA	Sara McLaughlin Mitchell	Sara McLaughlin Mitchell	abstract_0807.html
session_193.html	NA	Dennis Quinn	Timon Forster	abstract_0749.html
session_193.html	NA	Dennis Quinn	Timon Forster	abstract_0762.html
session_193.html	NA	Dennis Quinn	Timon Forster	abstract_0778.html
session_193.html	NA	Dennis Quinn	Timon Forster	abstract_0792.html
session_193.html	NA	Dennis Quinn	Timon Forster	abstract_0806.html
session_192.html	NA	Allan Sikk	Mads Andreas Elkjær	abstract_0748.html
session_192.html	NA	Allan Sikk	Mads Andreas Elkjær	abstract_0777.html
session_192.html	NA	Allan Sikk	Mads Andreas Elkjær	abstract_0791.html
session_192.html	NA	Allan Sikk	Mads Andreas Elkjær	abstract_0805.html
session_191.html	NA	Katharine Aha	Sandra León	abstract_0817.html
session_191.html	NA	Katharine Aha	Sandra León	abstract_0832.html
session_191.html	NA	Katharine Aha	Sandra León	abstract_0846.html
session_191.html	NA	Katharine Aha	Sandra León	abstract_0859.html
session_191.html	NA	Katharine Aha	Sandra León	abstract_0873.html
session_190.html	NA	Jon H. Fiva	Sarah Wagner	abstract_0879.html
session_190.html	NA	Jon H. Fiva	Sarah Wagner	abstract_0892.html
session_190.html	NA	Jon H. Fiva	Sarah Wagner	abstract_0905.html
session_190.html	NA	Jon H. Fiva	Sarah Wagner	abstract_0917.html
session_190.html	NA	Jon H. Fiva	Sarah Wagner	abstract_0929.html
session_19.html	NA	Sebastian Fehrler	Jan Zapal	abstract_0012.html
session_19.html	NA	Sebastian Fehrler	Jan Zapal	abstract_0029.html
session_19.html	NA	Sebastian Fehrler	Jan Zapal	abstract_0044.html
session_19.html	NA	Sebastian Fehrler	Jan Zapal	abstract_0058.html
session_19.html	NA	Sebastian Fehrler	Jan Zapal	abstract_0064.html
session_189.html	NA	David Sylvan	Michal Parizek	abstract_0891.html
session_189.html	NA	David Sylvan	Michal Parizek	abstract_0904.html
session_189.html	NA	David Sylvan	Michal Parizek	abstract_0916.html
session_189.html	NA	David Sylvan	Michal Parizek	abstract_0928.html
session_188.html	NA	Zoila Ponce de Leon	Josep Serrano-Serrat	abstract_0827.html
session_188.html	NA	Zoila Ponce de Leon	Josep Serrano-Serrat	abstract_0842.html
session_188.html	NA	Zoila Ponce de Leon	Josep Serrano-Serrat	abstract_0854.html
session_188.html	NA	Zoila Ponce de Leon	Josep Serrano-Serrat	abstract_0869.html
session_188.html	NA	Zoila Ponce de Leon	Josep Serrano-Serrat	abstract_0875.html
session_185.html	NA	Manuel Vogt	NA	abstract_0826.html
session_185.html	NA	Manuel Vogt	NA	abstract_0841.html
session_185.html	NA	Manuel Vogt	NA	abstract_0853.html
session_185.html	NA	Manuel Vogt	NA	abstract_0868.html
session_184.html	NA	Lauren Honig	Ala Alrababah	abstract_0825.html
session_184.html	NA	Lauren Honig	Ala Alrababah	abstract_0840.html
session_184.html	NA	Lauren Honig	Ala Alrababah	abstract_0852.html
session_184.html	NA	Lauren Honig	Ala Alrababah	abstract_0867.html
session_184.html	NA	Lauren Honig	Ala Alrababah	abstract_0874.html
session_182.html	NA	Antonella Bandiera	Antonella Bandiera	abstract_0824.html
session_182.html	NA	Antonella Bandiera	Antonella Bandiera	abstract_0839.html
session_182.html	NA	Antonella Bandiera	Antonella Bandiera	abstract_0851.html
session_182.html	NA	Antonella Bandiera	Antonella Bandiera	abstract_0866.html
session_181.html	NA	Despina Alexiadou	Mariken van der Velden	abstract_0823.html
session_181.html	NA	Despina Alexiadou	Mariken van der Velden	abstract_0838.html
session_181.html	NA	Despina Alexiadou	Mariken van der Velden	abstract_0850.html
session_181.html	NA	Despina Alexiadou	Mariken van der Velden	abstract_0865.html
session_180.html	NA	Bernhard Clemm von Hohenberg	Elisa Volpi	abstract_0822.html
session_180.html	NA	Bernhard Clemm von Hohenberg	Elisa Volpi	abstract_0837.html
session_180.html	NA	Bernhard Clemm von Hohenberg	Elisa Volpi	abstract_0849.html
session_180.html	NA	Bernhard Clemm von Hohenberg	Elisa Volpi	abstract_0864.html
session_18.html	NA	Fabrizio Gilardi	Bilyana Petrova	abstract_0011.html
session_18.html	NA	Fabrizio Gilardi	Bilyana Petrova	abstract_0026.html
session_18.html	NA	Fabrizio Gilardi	Bilyana Petrova	abstract_0042.html
session_18.html	NA	Fabrizio Gilardi	Bilyana Petrova	abstract_0057.html
session_178.html	NA	Nara Park	Dominik Hangartner	abstract_0821.html
session_178.html	NA	Nara Park	Dominik Hangartner	abstract_0836.html
session_178.html	NA	Nara Park	Dominik Hangartner	abstract_0863.html
session_17.html	NA	Leire Maria Rincon Garcia	NA	abstract_0009.html
session_17.html	NA	Leire Maria Rincon Garcia	NA	abstract_0025.html
session_17.html	NA	Leire Maria Rincon Garcia	NA	abstract_0040.html
session_17.html	NA	Leire Maria Rincon Garcia	NA	abstract_0054.html
session_166.html	NA	Vally Koubi	Lawrence Rothenberg	abstract_0687.html
session_166.html	NA	Vally Koubi	Lawrence Rothenberg	abstract_0702.html
session_166.html	NA	Vally Koubi	Lawrence Rothenberg	abstract_0718.html
session_166.html	NA	Vally Koubi	Lawrence Rothenberg	abstract_0733.html
session_166.html	NA	Vally Koubi	Lawrence Rothenberg	abstract_0743.html
session_165.html	NA	NA	Philipp Broniecki	abstract_0686.html
session_165.html	NA	NA	Philipp Broniecki	abstract_0700.html
session_165.html	NA	NA	Philipp Broniecki	abstract_0716.html
session_165.html	NA	NA	Philipp Broniecki	abstract_0731.html
session_165.html	NA	NA	Philipp Broniecki	abstract_0741.html
session_164.html	NA	Thomas Sattler	Asli Unan	abstract_0699.html
session_164.html	NA	Thomas Sattler	Asli Unan	abstract_0715.html
session_164.html	NA	Thomas Sattler	Asli Unan	abstract_0730.html
session_164.html	NA	Thomas Sattler	Asli Unan	abstract_0740.html
session_163.html	NA	Aina Gallego	Vytautas Kuokštis	abstract_0685.html
session_163.html	NA	Aina Gallego	Vytautas Kuokštis	abstract_0698.html
session_163.html	NA	Aina Gallego	Vytautas Kuokštis	abstract_0714.html
session_163.html	NA	Aina Gallego	Vytautas Kuokštis	abstract_0729.html
session_163.html	NA	Aina Gallego	Vytautas Kuokštis	abstract_0739.html
session_162.html	NA	Philippe Mongrain	Craig Volden	abstract_0684.html
session_162.html	NA	Philippe Mongrain	Craig Volden	abstract_0697.html
session_162.html	NA	Philippe Mongrain	Craig Volden	abstract_0713.html
session_161.html	NA	Julia Gray	NA	abstract_0683.html
session_161.html	NA	Julia Gray	NA	abstract_0696.html
session_161.html	NA	Julia Gray	NA	abstract_0712.html
session_161.html	NA	Julia Gray	NA	abstract_0728.html
session_161.html	NA	Julia Gray	NA	abstract_0738.html
session_160.html	NA	Sara McLaughlin Mitchell	Daniela Donno, Burcu Savun	abstract_0682.html
session_160.html	NA	Sara McLaughlin Mitchell	Daniela Donno, Burcu Savun	abstract_0695.html
session_160.html	NA	Sara McLaughlin Mitchell	Daniela Donno, Burcu Savun	abstract_0711.html
session_160.html	NA	Sara McLaughlin Mitchell	Daniela Donno, Burcu Savun	abstract_0727.html
session_159.html	NA	Henrik Bech Seeberg	Clint Claessen	abstract_0681.html
session_159.html	NA	Henrik Bech Seeberg	Clint Claessen	abstract_0694.html
session_159.html	NA	Henrik Bech Seeberg	Clint Claessen	abstract_0710.html
session_159.html	NA	Henrik Bech Seeberg	Clint Claessen	abstract_0726.html
session_158.html	NA	Ignacio Lago	Ignacio Lago	abstract_0680.html
session_158.html	NA	Ignacio Lago	Ignacio Lago	abstract_0693.html
session_158.html	NA	Ignacio Lago	Ignacio Lago	abstract_0709.html
session_158.html	NA	Ignacio Lago	Ignacio Lago	abstract_0725.html
session_157.html	NA	Kristina Bakkær Simonsen	Lena Maria Huber	abstract_0679.html
session_157.html	NA	Kristina Bakkær Simonsen	Lena Maria Huber	abstract_0692.html
session_157.html	NA	Kristina Bakkær Simonsen	Lena Maria Huber	abstract_0708.html
session_157.html	NA	Kristina Bakkær Simonsen	Lena Maria Huber	abstract_0724.html
session_156.html	NA	Stefan Sliwa	Eleanor Knott	abstract_0690.html
session_156.html	NA	Stefan Sliwa	Eleanor Knott	abstract_0707.html
session_156.html	NA	Stefan Sliwa	Eleanor Knott	abstract_0722.html
session_156.html	NA	Stefan Sliwa	Eleanor Knott	abstract_0736.html
session_155.html	NA	Bjørn Høyland	NA	abstract_0676.html
session_155.html	NA	Bjørn Høyland	NA	abstract_0704.html
session_155.html	NA	Bjørn Høyland	NA	abstract_0720.html
session_150.html	NA	Vera Troeger	Jae-Jae Spoon	abstract_0745.html
session_150.html	NA	Vera Troeger	Jae-Jae Spoon	abstract_0759.html
session_150.html	NA	Vera Troeger	Jae-Jae Spoon	abstract_0774.html
session_150.html	NA	Vera Troeger	Jae-Jae Spoon	abstract_0789.html
session_150.html	NA	Vera Troeger	Jae-Jae Spoon	abstract_0803.html
session_15.html	NA	Jon H. Fiva	Jack Blumenau	abstract_0002.html
session_15.html	NA	Jon H. Fiva	Jack Blumenau	abstract_0020.html
session_15.html	NA	Jon H. Fiva	Jack Blumenau	abstract_0035.html
session_149.html	NA	Malu Gatto	Daniel Höhmann	abstract_0677.html
session_149.html	NA	Malu Gatto	Daniel Höhmann	abstract_0689.html
session_149.html	NA	Malu Gatto	Daniel Höhmann	abstract_0705.html
session_149.html	NA	Malu Gatto	Daniel Höhmann	abstract_0721.html
session_149.html	NA	Malu Gatto	Daniel Höhmann	abstract_0735.html
session_148.html	NA	Olga Gasparyan	Florian Simon Schaffner	abstract_0819.html
session_148.html	NA	Olga Gasparyan	Florian Simon Schaffner	abstract_0835.html
session_148.html	NA	Olga Gasparyan	Florian Simon Schaffner	abstract_0861.html
session_147.html	NA	Haylee Kelsall	Eelco Harteveld	abstract_0820.html
session_147.html	NA	Haylee Kelsall	Eelco Harteveld	abstract_0834.html
session_147.html	NA	Haylee Kelsall	Eelco Harteveld	abstract_0848.html
session_147.html	NA	Haylee Kelsall	Eelco Harteveld	abstract_0862.html
session_145.html	NA	Kostanca Dhima	Simon Chauchard	abstract_0818.html
session_145.html	NA	Kostanca Dhima	Simon Chauchard	abstract_0833.html
session_145.html	NA	Kostanca Dhima	Simon Chauchard	abstract_0847.html
session_145.html	NA	Kostanca Dhima	Simon Chauchard	abstract_0860.html
session_144.html	NA	Katharine Aha	Nils-Christian Bormann	abstract_0625.html
session_144.html	NA	Katharine Aha	Nils-Christian Bormann	abstract_0639.html
session_144.html	NA	Katharine Aha	Nils-Christian Bormann	abstract_0655.html
session_143.html	NA	Moritz Marbach	Jacob Nyrup	abstract_0624.html
session_143.html	NA	Moritz Marbach	Jacob Nyrup	abstract_0638.html
session_143.html	NA	Moritz Marbach	Jacob Nyrup	abstract_0654.html
session_143.html	NA	Moritz Marbach	Jacob Nyrup	abstract_0668.html
session_143.html	NA	Moritz Marbach	Jacob Nyrup	abstract_0675.html
session_142.html	NA	Nelson Ruiz	Benjamin Egerod	abstract_0623.html
session_142.html	NA	Nelson Ruiz	Benjamin Egerod	abstract_0653.html
session_142.html	NA	Nelson Ruiz	Benjamin Egerod	abstract_0667.html
session_141.html	NA	Rubén Ruiz-Rufino	Gerald Schneider	abstract_0622.html
session_141.html	NA	Rubén Ruiz-Rufino	Gerald Schneider	abstract_0637.html
session_141.html	NA	Rubén Ruiz-Rufino	Gerald Schneider	abstract_0652.html
session_140.html	NA	Jesse Dillon Savage	Dumitru Minzarari	abstract_0621.html
session_140.html	NA	Jesse Dillon Savage	Dumitru Minzarari	abstract_0636.html
session_140.html	NA	Jesse Dillon Savage	Dumitru Minzarari	abstract_0651.html
session_14.html	NA	Barbara Maria Piotrowska	Christian Stecker	abstract_0260.html
session_14.html	NA	Barbara Maria Piotrowska	Christian Stecker	abstract_0276.html
session_14.html	NA	Barbara Maria Piotrowska	Christian Stecker	abstract_0291.html
session_14.html	NA	Barbara Maria Piotrowska	Christian Stecker	abstract_0316.html
session_139.html	NA	Jan Auerbach	Bradley Smith	abstract_0635.html
session_139.html	NA	Jan Auerbach	Bradley Smith	abstract_0650.html
session_139.html	NA	Jan Auerbach	Bradley Smith	abstract_0666.html
session_139.html	NA	Jan Auerbach	Bradley Smith	abstract_0674.html
session_138.html	NA	Jan Karlas	Sara McLaughlin Mitchell	abstract_0620.html
session_138.html	NA	Jan Karlas	Sara McLaughlin Mitchell	abstract_0634.html
session_138.html	NA	Jan Karlas	Sara McLaughlin Mitchell	abstract_0649.html
session_138.html	NA	Jan Karlas	Sara McLaughlin Mitchell	abstract_0665.html
session_137.html	NA	Hanna Back	Markus Wagner	abstract_0619.html
session_137.html	NA	Hanna Back	Markus Wagner	abstract_0633.html
session_137.html	NA	Hanna Back	Markus Wagner	abstract_0648.html
session_137.html	NA	Hanna Back	Markus Wagner	abstract_0664.html
session_137.html	NA	Hanna Back	Markus Wagner	abstract_0673.html
session_136.html	NA	Simon Otjes	Maarja Lühiste	abstract_0618.html
session_136.html	NA	Simon Otjes	Maarja Lühiste	abstract_0632.html
session_136.html	NA	Simon Otjes	Maarja Lühiste	abstract_0647.html
session_136.html	NA	Simon Otjes	Maarja Lühiste	abstract_0663.html
session_135.html	NA	Diane Bolet	Francesco Colombo	abstract_0617.html
session_135.html	NA	Diane Bolet	Francesco Colombo	abstract_0631.html
session_135.html	NA	Diane Bolet	Francesco Colombo	abstract_0646.html
session_135.html	NA	Diane Bolet	Francesco Colombo	abstract_0662.html
session_134.html	NA	Ana Louisa Catalano Weeks	Ana Louisa Catalano Weeks, Alba Huidobro	abstract_0616.html
session_134.html	NA	Ana Louisa Catalano Weeks	Ana Louisa Catalano Weeks, Alba Huidobro	abstract_0630.html
session_134.html	NA	Ana Louisa Catalano Weeks	Ana Louisa Catalano Weeks, Alba Huidobro	abstract_0645.html
session_134.html	NA	Ana Louisa Catalano Weeks	Ana Louisa Catalano Weeks, Alba Huidobro	abstract_0661.html
session_134.html	NA	Ana Louisa Catalano Weeks	Ana Louisa Catalano Weeks, Alba Huidobro	abstract_0672.html
session_133.html	NA	Christine Lipsmeyer	Lasse Aaskoven	abstract_0615.html
session_133.html	NA	Christine Lipsmeyer	Lasse Aaskoven	abstract_0629.html
session_133.html	NA	Christine Lipsmeyer	Lasse Aaskoven	abstract_0644.html
session_133.html	NA	Christine Lipsmeyer	Lasse Aaskoven	abstract_0660.html
session_132.html	NA	Stefanie Walter	Tom OGrady	abstract_0614.html
session_132.html	NA	Stefanie Walter	Tom OGrady	abstract_0628.html
session_132.html	NA	Stefanie Walter	Tom OGrady	abstract_0643.html
session_132.html	NA	Stefanie Walter	Tom OGrady	abstract_0659.html
session_132.html	NA	Stefanie Walter	Tom OGrady	abstract_0671.html
session_131.html	NA	Flavio Azevedo	Flavio Azevedo	abstract_0613.html
session_131.html	NA	Flavio Azevedo	Flavio Azevedo	abstract_0642.html
session_131.html	NA	Flavio Azevedo	Flavio Azevedo	abstract_0658.html
session_131.html	NA	Flavio Azevedo	Flavio Azevedo	abstract_0670.html
session_130.html	NA	Federica Izzo	NA	abstract_0560.html
session_130.html	NA	Federica Izzo	NA	abstract_0592.html
session_130.html	NA	Federica Izzo	NA	abstract_0604.html
session_13.html	NA	David CW Parker	Miguel Pereira	abstract_0877.html
session_13.html	NA	David CW Parker	Miguel Pereira	abstract_0889.html
session_13.html	NA	David CW Parker	Miguel Pereira	abstract_0914.html
session_13.html	NA	David CW Parker	Miguel Pereira	abstract_0926.html
session_129.html	NA	Patrick Michael Kuhn	Neeraj Prasad, Mateo Vasquez-Cortes	abstract_0559.html
session_129.html	NA	Patrick Michael Kuhn	Neeraj Prasad, Mateo Vasquez-Cortes	abstract_0576.html
session_129.html	NA	Patrick Michael Kuhn	Neeraj Prasad, Mateo Vasquez-Cortes	abstract_0591.html
session_129.html	NA	Patrick Michael Kuhn	Neeraj Prasad, Mateo Vasquez-Cortes	abstract_0603.html
session_129.html	NA	Patrick Michael Kuhn	Neeraj Prasad, Mateo Vasquez-Cortes	abstract_0610.html
session_128.html	NA	Daniel Devine	Despina Alexiadou	abstract_0558.html
session_128.html	NA	Daniel Devine	Despina Alexiadou	abstract_0575.html
session_128.html	NA	Daniel Devine	Despina Alexiadou	abstract_0590.html
session_128.html	NA	Daniel Devine	Despina Alexiadou	abstract_0602.html
session_127.html	NA	Guido Tiemann	Filip Kostelka	abstract_0557.html
session_127.html	NA	Guido Tiemann	Filip Kostelka	abstract_0574.html
session_127.html	NA	Guido Tiemann	Filip Kostelka	abstract_0589.html
session_127.html	NA	Guido Tiemann	Filip Kostelka	abstract_0601.html
session_127.html	NA	Guido Tiemann	Filip Kostelka	abstract_0609.html
session_126.html	NA	Hector Bahamonde	John David Griffin	abstract_0556.html
session_126.html	NA	Hector Bahamonde	John David Griffin	abstract_0572.html
session_126.html	NA	Hector Bahamonde	John David Griffin	abstract_0588.html
session_125.html	NA	Jochen Müller	José Miguel Rojo Martínez	abstract_0555.html
session_125.html	NA	Jochen Müller	José Miguel Rojo Martínez	abstract_0570.html
session_125.html	NA	Jochen Müller	José Miguel Rojo Martínez	abstract_0585.html
session_124.html	NA	Guillem Amatller Dómine	Henning Finseraas	abstract_0554.html
session_124.html	NA	Guillem Amatller Dómine	Henning Finseraas	abstract_0569.html
session_124.html	NA	Guillem Amatller Dómine	Henning Finseraas	abstract_0584.html
session_124.html	NA	Guillem Amatller Dómine	Henning Finseraas	abstract_0598.html
session_124.html	NA	Guillem Amatller Dómine	Henning Finseraas	abstract_0608.html
session_123.html	NA	Julia Gray	Alice Iannantuoni	abstract_0553.html
session_123.html	NA	Julia Gray	Alice Iannantuoni	abstract_0568.html
session_123.html	NA	Julia Gray	Alice Iannantuoni	abstract_0583.html
session_123.html	NA	Julia Gray	Alice Iannantuoni	abstract_0597.html
session_121.html	NA	Michael Dorsch	Theresa Gessler	abstract_0552.html
session_121.html	NA	Michael Dorsch	Theresa Gessler	abstract_0567.html
session_121.html	NA	Michael Dorsch	Theresa Gessler	abstract_0582.html
session_120.html	NA	Shaun Bowler	Chitralekha Basu	abstract_0551.html
session_120.html	NA	Shaun Bowler	Chitralekha Basu	abstract_0566.html
session_120.html	NA	Shaun Bowler	Chitralekha Basu	abstract_0581.html
session_120.html	NA	Shaun Bowler	Chitralekha Basu	abstract_0596.html
session_120.html	NA	Shaun Bowler	Chitralekha Basu	abstract_0607.html
session_12.html	NA	NA	Maria Uttenthal	abstract_0143.html
session_12.html	NA	NA	Maria Uttenthal	abstract_0156.html
session_12.html	NA	NA	Maria Uttenthal	abstract_0171.html
session_119.html	NA	NA	NA	abstract_0550.html
session_119.html	NA	NA	NA	abstract_0565.html
session_119.html	NA	NA	NA	abstract_0595.html
session_118.html	NA	Rubén Ruiz-Rufino	Julia Partheymüller	abstract_0549.html
session_118.html	NA	Rubén Ruiz-Rufino	Julia Partheymüller	abstract_0564.html
session_118.html	NA	Rubén Ruiz-Rufino	Julia Partheymüller	abstract_0580.html
session_117.html	NA	William Lowe	Hauke Licht	abstract_0548.html
session_117.html	NA	William Lowe	Hauke Licht	abstract_0563.html
session_117.html	NA	William Lowe	Hauke Licht	abstract_0579.html
session_117.html	NA	William Lowe	Hauke Licht	abstract_0594.html
session_117.html	NA	William Lowe	Hauke Licht	abstract_0606.html
session_115.html	NA	Tarik Abou-Chadi	NA	abstract_0488.html
session_115.html	NA	Tarik Abou-Chadi	NA	abstract_0504.html
session_115.html	NA	Tarik Abou-Chadi	NA	abstract_0520.html
session_115.html	NA	Tarik Abou-Chadi	NA	abstract_0536.html
session_115.html	NA	Tarik Abou-Chadi	NA	abstract_0544.html
session_114.html	NA	Elisa Wirsching	Sergio J Ascencio	abstract_0486.html
session_114.html	NA	Elisa Wirsching	Sergio J Ascencio	abstract_0501.html
session_114.html	NA	Elisa Wirsching	Sergio J Ascencio	abstract_0518.html
session_113.html	NA	Costin Ciobanu	Bilyana Petrova	abstract_0484.html
session_113.html	NA	Costin Ciobanu	Bilyana Petrova	abstract_0500.html
session_113.html	NA	Costin Ciobanu	Bilyana Petrova	abstract_0517.html
session_113.html	NA	Costin Ciobanu	Bilyana Petrova	abstract_0533.html
session_112.html	NA	Jonathan Chapman	Alberto Parmigiani	abstract_0483.html
session_112.html	NA	Jonathan Chapman	Alberto Parmigiani	abstract_0499.html
session_112.html	NA	Jonathan Chapman	Alberto Parmigiani	abstract_0516.html
session_112.html	NA	Jonathan Chapman	Alberto Parmigiani	abstract_0532.html
session_111.html	NA	Brian J. Phillips	Oguzhan Turkoglu	abstract_0482.html
session_111.html	NA	Brian J. Phillips	Oguzhan Turkoglu	abstract_0498.html
session_111.html	NA	Brian J. Phillips	Oguzhan Turkoglu	abstract_0515.html
session_111.html	NA	Brian J. Phillips	Oguzhan Turkoglu	abstract_0531.html
session_111.html	NA	Brian J. Phillips	Oguzhan Turkoglu	abstract_0543.html
session_110.html	NA	Alex Weisiger	Jesse Dillon Savage	abstract_0481.html
session_110.html	NA	Alex Weisiger	Jesse Dillon Savage	abstract_0497.html
session_110.html	NA	Alex Weisiger	Jesse Dillon Savage	abstract_0514.html
session_110.html	NA	Alex Weisiger	Jesse Dillon Savage	abstract_0530.html
session_110.html	NA	Alex Weisiger	Jesse Dillon Savage	abstract_0542.html
session_11.html	NA	Peter Buisseret	Gregory Sasso	abstract_0067.html
session_11.html	NA	Peter Buisseret	Gregory Sasso	abstract_0082.html
session_11.html	NA	Peter Buisseret	Gregory Sasso	abstract_0099.html
session_11.html	NA	Peter Buisseret	Gregory Sasso	abstract_0113.html
session_11.html	NA	Peter Buisseret	Gregory Sasso	abstract_0123.html
session_109.html	NA	Bernard Grofman	Michael Jankowski	abstract_0480.html
session_109.html	NA	Bernard Grofman	Michael Jankowski	abstract_0496.html
session_109.html	NA	Bernard Grofman	Michael Jankowski	abstract_0513.html
session_109.html	NA	Bernard Grofman	Michael Jankowski	abstract_0529.html
session_109.html	NA	Bernard Grofman	Michael Jankowski	abstract_0541.html
session_108.html	NA	Romain Lachat	Ida Baek Hjermitslev	abstract_0479.html
session_108.html	NA	Romain Lachat	Ida Baek Hjermitslev	abstract_0495.html
session_108.html	NA	Romain Lachat	Ida Baek Hjermitslev	abstract_0512.html
session_108.html	NA	Romain Lachat	Ida Baek Hjermitslev	abstract_0528.html
session_108.html	NA	Romain Lachat	Ida Baek Hjermitslev	abstract_0540.html
session_107.html	NA	Kirill Zhirkov	Olga Gasparyan	abstract_0494.html
session_107.html	NA	Kirill Zhirkov	Olga Gasparyan	abstract_0511.html
session_107.html	NA	Kirill Zhirkov	Olga Gasparyan	abstract_0527.html
session_107.html	NA	Kirill Zhirkov	Olga Gasparyan	abstract_0539.html
session_106.html	NA	Moritz Osnabrügge	A. Maurits van der Veen	abstract_0478.html
session_106.html	NA	Moritz Osnabrügge	A. Maurits van der Veen	abstract_0493.html
session_106.html	NA	Moritz Osnabrügge	A. Maurits van der Veen	abstract_0510.html
session_106.html	NA	Moritz Osnabrügge	A. Maurits van der Veen	abstract_0526.html
session_104.html	NA	Carl Müller-Crepon	Andreas Juon	abstract_0476.html
session_104.html	NA	Carl Müller-Crepon	Andreas Juon	abstract_0509.html
session_104.html	NA	Carl Müller-Crepon	Andreas Juon	abstract_0524.html
session_103.html	NA	Laura Bronner	Laura Bronner	abstract_0475.html
session_103.html	NA	Laura Bronner	Laura Bronner	abstract_0490.html
session_103.html	NA	Laura Bronner	Laura Bronner	abstract_0506.html
session_103.html	NA	Laura Bronner	Laura Bronner	abstract_0523.html
session_102.html	NA	Nestor Castaneda	Patrícia Calca	abstract_0413.html
session_102.html	NA	Nestor Castaneda	Patrícia Calca	abstract_0429.html
session_102.html	NA	Nestor Castaneda	Patrícia Calca	abstract_0446.html
session_102.html	NA	Nestor Castaneda	Patrícia Calca	abstract_0463.html
session_102.html	NA	Nestor Castaneda	Patrícia Calca	abstract_0470.html
session_101.html	NA	Felipe Ignacio Torres Raposo	Aina Gallego	abstract_0411.html
session_101.html	NA	Felipe Ignacio Torres Raposo	Aina Gallego	abstract_0428.html
session_101.html	NA	Felipe Ignacio Torres Raposo	Aina Gallego	abstract_0445.html
session_101.html	NA	Felipe Ignacio Torres Raposo	Aina Gallego	abstract_0462.html
session_100.html	NA	Vytautas Kuokštis	Irene Menéndez González	abstract_0410.html
session_100.html	NA	Vytautas Kuokštis	Irene Menéndez González	abstract_0426.html
session_100.html	NA	Vytautas Kuokštis	Irene Menéndez González	abstract_0460.html
session_100.html	NA	Vytautas Kuokštis	Irene Menéndez González	abstract_0469.html
session_100.html	NA	Vytautas Kuokštis	Irene Menéndez González	abstract_0473.html
session_10.html	NA	Arndt Leininger	Corinna Kroeber	abstract_0010.html
session_10.html	NA	Arndt Leininger	Corinna Kroeber	abstract_0027.html
session_10.html	NA	Arndt Leininger	Corinna Kroeber	abstract_0043.html
session_10.html	NA	Arndt Leininger	Corinna Kroeber	abstract_0056.html
session_10.html	NA	Arndt Leininger	Corinna Kroeber	abstract_0063.html
session_1.html	NA	Tobias Widmann	Kristina Bakkær Simonsen, Tobias Widmann	abstract_0001.html
session_1.html	NA	Tobias Widmann	Kristina Bakkær Simonsen, Tobias Widmann	abstract_0018.html
session_1.html	NA	Tobias Widmann	Kristina Bakkær Simonsen, Tobias Widmann	abstract_0034.html
session_1.html	NA	Tobias Widmann	Kristina Bakkær Simonsen, Tobias Widmann	abstract_0049.html
